data_date,I1
2013-09-02,20.1
2013-09-03,20.44
2013-09-04,20.31
2013-09-05,20.4
2013-09-06,20.24
2013-09-09,20.4
2013-09-10,20.34
2013-09-11,20.29
2013-09-12,20.13
2013-09-13,20.03
2013-09-16,19.74
2013-09-17,20.1
2013-09-18,19.94
2013-09-22,19.95
2013-09-23,19.83
2013-09-24,20.41
2013-09-25,20.24
2013-09-26,20.13
2013-09-27,19.99
2013-09-29,20.14
2013-09-30,20.41
2013-10-08,20.05
2013-10-09,19.63
2013-10-10,19.85
2013-10-11,19.84
2013-10-12,20.18
2013-10-14,20.34
2013-10-15,20.53
2013-10-16,20.24
2013-10-17,20.29
2013-10-18,19.79
2013-10-21,20.02
2013-10-22,20.07
2013-10-23,20.11
2013-10-24,19.92
2013-10-25,19.68
2013-10-28,19.99
2013-10-29,20.08
2013-10-30,20.33
2013-10-31,19.96
2013-11-01,19.48
2013-11-04,19.63
2013-11-05,20.2
2013-11-06,19.89
2013-11-07,19.55
2013-11-08,20.07
2013-11-11,20.24
2013-11-12,20.11
2013-11-13,19.97
2013-11-14,20.01
2013-11-15,20.06
2013-11-18,20.01
2013-11-19,20.06
2013-11-20,19.69
2013-11-21,19.75
2013-11-22,19.99
2013-11-25,20.25
2013-11-26,20.4
2013-11-27,19.8
2013-11-28,20.14
2013-11-29,20.11
2013-12-02,19.85
2013-12-03,20.07
2013-12-04,20.27
2013-12-05,20.08
2013-12-06,20.3
2013-12-09,19.87
2013-12-10,19.78
2013-12-11,19.81
2013-12-12,20.17
2013-12-13,20.12
2013-12-16,19.71
2013-12-17,20.29
2013-12-18,20.27
2013-12-19,20.13
2013-12-20,19.85
2013-12-23,19.5
2013-12-24,19.85
2013-12-25,20.24
2013-12-26,20.0
2013-12-27,19.89
2013-12-30,19.94
2013-12-31,20.17
2014-01-02,19.94
2014-01-03,19.64
2014-01-06,19.88
2014-01-07,19.93
2014-01-08,20.05
2014-01-09,20.6
2014-01-10,20.42
2014-01-13,20.3
2014-01-14,19.86
2014-01-15,20.02
2014-01-16,19.75
2014-01-17,20.09
2014-01-20,19.92
2014-01-21,19.9
2014-01-22,19.78
2014-01-23,20.13
2014-01-24,19.85
2014-01-26,19.86
2014-01-27,20.48
2014-02-08,20.52
2014-02-10,20.51
2014-02-11,20.88
2014-02-12,20.12
2014-02-13,19.96
2014-02-14,20.49
2014-02-17,20.75
2014-02-18,20.74
2014-02-19,20.18
2014-02-20,20.22
2014-02-21,20.55
2014-02-24,20.44
2014-02-25,19.83
2014-02-26,20.06
2014-02-27,20.18
2014-02-28,19.95
2014-03-03,20.01
2014-03-04,19.9
2014-03-05,20.15
2014-03-06,20.28
2014-03-07,20.33
2014-03-10,20.75
2014-03-11,20.23
2014-03-12,20.28
2014-03-13,20.59
2014-03-14,20.29
2014-03-17,19.91
2014-03-18,20.11
2014-03-19,20.48
2014-03-20,20.36
2014-03-21,20.32
2014-03-24,19.99
2014-03-25,20.54
2014-03-26,20.5
2014-03-27,20.3
2014-03-28,20.19
2014-03-31,20.51
2014-04-01,20.09
2014-04-02,20.21
2014-04-03,20.07
2014-04-04,20.53
2014-04-08,20.39
2014-04-09,20.38
2014-04-10,20.59
2014-04-11,20.01
2014-04-14,20.47
2014-04-15,20.24
2014-04-16,19.56
2014-04-17,20.24
2014-04-18,20.32
2014-04-21,20.57
2014-04-22,20.39
2014-04-23,20.35
2014-04-24,20.05
2014-04-25,20.06
2014-04-28,20.0
2014-04-29,20.46
2014-04-30,20.33
2014-05-04,20.39
2014-05-05,20.37
2014-05-06,20.78
2014-05-07,20.62
2014-05-08,20.02
2014-05-09,20.16
2014-05-12,20.41
2014-05-13,19.94
2014-05-14,20.2
2014-05-15,20.22
2014-05-16,20.25
2014-05-19,20.29
2014-05-20,20.32
2014-05-21,20.49
2014-05-22,20.19
2014-05-23,19.96
2014-05-26,20.43
2014-05-27,19.86
2014-05-28,20.48
2014-05-29,19.87
2014-05-30,20.32
2014-06-03,19.96
2014-06-04,20.28
2014-06-05,20.13
2014-06-06,20.21
2014-06-09,20.07
2014-06-10,20.19
2014-06-11,20.2
2014-06-12,19.97
2014-06-13,19.88
2014-06-16,20.17
2014-06-17,19.91
2014-06-18,20.35
2014-06-19,20.16
2014-06-20,19.77
2014-06-23,19.96
2014-06-24,20.13
2014-06-25,19.96
2014-06-26,20.49
2014-06-27,20.79
2014-06-30,20.78
2014-07-01,20.6
2014-07-02,20.7
2014-07-03,20.79
2014-07-04,20.56
2014-07-07,20.34
2014-07-08,20.32
2014-07-09,20.83
2014-07-10,20.68
2014-07-11,20.73
2014-07-14,20.41
2014-07-15,20.17
2014-07-16,20.38
2014-07-17,20.21
2014-07-18,20.14
2014-07-21,20.62
2014-07-22,20.28
2014-07-23,20.8
2014-07-24,20.34
2014-07-25,20.0
2014-07-28,20.39
2014-07-29,20.33
2014-07-30,20.06
2014-07-31,20.4
2014-08-01,20.22
2014-08-04,20.63
2014-08-05,20.19
2014-08-06,20.47
2014-08-07,20.24
2014-08-08,20.71
2014-08-11,20.29
2014-08-12,20.1
2014-08-13,20.78
2014-08-14,20.85
2014-08-15,20.35
2014-08-18,20.12
2014-08-19,20.03
2014-08-20,20.23
2014-08-21,20.23
2014-08-22,20.05
2014-08-25,20.52
2014-08-26,20.35
2014-08-27,20.28
2014-08-28,20.15
2014-08-29,20.2
2014-09-01,19.96
2014-09-02,20.06
2014-09-03,20.46
2014-09-04,20.65
2014-09-05,20.63
2014-09-09,20.3
2014-09-10,20.46
2014-09-11,19.91
2014-09-12,20.14
2014-09-15,20.62
2014-09-16,20.43
2014-09-17,19.85
2014-09-18,20.45
2014-09-19,20.33
2014-09-22,19.91
2014-09-23,20.04
2014-09-24,20.5
2014-09-25,20.29
2014-09-26,20.12
2014-09-28,20.47
2014-09-29,20.67
2014-09-30,20.24
2014-10-08,20.3
2014-10-09,20.36
2014-10-10,20.42
2014-10-11,20.28
2014-10-13,20.41
2014-10-14,20.62
2014-10-15,20.42
2014-10-16,20.31
2014-10-17,21.2
2014-10-20,21.11
2014-10-21,20.69
2014-10-22,20.66
2014-10-23,20.47
2014-10-24,20.53
2014-10-27,20.27
2014-10-28,20.23
2014-10-29,19.9
2014-10-30,19.64
2014-10-31,19.56
2014-11-03,19.58
2014-11-04,20.21
2014-11-05,20.07
2014-11-06,19.99
2014-11-07,19.98
2014-11-10,20.2
2014-11-11,19.87
2014-11-12,20.16
2014-11-13,20.01
2014-11-14,19.49
2014-11-17,19.67
2014-11-18,19.92
2014-11-19,19.51
2014-11-20,19.45
2014-11-21,19.74
2014-11-24,19.73
2014-11-25,20.11
2014-11-26,19.75
2014-11-27,19.58
2014-11-28,20.0
2014-12-01,21.0
2014-12-02,20.32
2014-12-03,20.68
2014-12-04,20.25
2014-12-05,19.81
2014-12-08,19.5
2014-12-09,19.9
2014-12-10,20.03
2014-12-11,19.7
2014-12-12,20.02
2014-12-15,19.62
2014-12-16,19.1
2014-12-17,19.49
2014-12-18,19.61
2014-12-19,19.33
2014-12-22,19.21
2014-12-23,20.13
2014-12-24,19.93
2014-12-25,19.8
2014-12-26,19.31
2014-12-29,19.06
2014-12-30,19.05
2014-12-31,20.38
2015-01-04,19.53
2015-01-05,19.48
2015-01-06,19.61
2015-01-07,19.67
2015-01-08,19.82
2015-01-09,19.77
2015-01-12,20.04
2015-01-13,19.63
2015-01-14,19.59
2015-01-15,19.49
2015-01-16,19.41
2015-01-19,20.12
2015-01-20,19.91
2015-01-21,20.09
2015-01-22,19.78
2015-01-23,20.13
2015-01-26,19.73
2015-01-27,20.44
2015-01-28,20.36
2015-01-29,20.53
2015-01-30,19.75
2015-02-02,19.74
2015-02-03,19.25
2015-02-04,19.55
2015-02-05,19.39
2015-02-06,20.16
2015-02-09,20.08
2015-02-10,20.07
2015-02-11,20.1
2015-02-12,19.97
2015-02-13,19.34
2015-02-16,19.45
2015-02-27,19.35
2015-02-28,19.74
2015-03-02,19.22
2015-03-03,19.48
2015-03-04,19.77
2015-03-05,19.12
2015-03-06,19.31
2015-03-09,19.52
2015-03-10,19.05
2015-03-11,19.03
2015-03-12,19.65
2015-03-13,20.29
2015-03-16,20.0
2015-03-17,20.72
2015-03-18,20.52
2015-03-19,20.24
2015-03-20,19.3
2015-03-23,19.52
2015-03-24,19.83
2015-03-25,19.54
2015-03-26,19.51
2015-03-27,19.22
2015-03-30,19.0
2015-03-31,18.74
2015-04-01,19.31
2015-04-02,18.92
2015-04-03,19.83
2015-04-07,19.54
2015-04-08,19.66
2015-04-09,19.45
2015-04-10,20.39
2015-04-13,20.13
2015-04-14,20.28
2015-04-15,19.83
2015-04-16,19.97
2015-04-17,19.71
2015-04-20,19.95
2015-04-21,19.66
2015-04-22,19.57
2015-04-23,19.55
2015-04-24,19.38
2015-04-27,19.27
2015-04-28,19.14
2015-04-29,19.8
2015-04-30,19.87
2015-05-04,19.83
2015-05-05,19.77
2015-05-06,19.72
2015-05-07,19.4
2015-05-08,19.74
2015-05-11,20.4
2015-05-12,20.03
2015-05-13,19.97
2015-05-14,20.02
2015-05-15,19.05
2015-05-18,19.17
2015-05-19,19.35
2015-05-20,19.3
2015-05-21,19.32
2015-05-22,19.44
2015-05-25,19.19
2015-05-26,19.05
2015-05-27,18.95
2015-05-28,18.68
2015-05-29,18.73
2015-06-01,19.0
2015-06-02,19.36
2015-06-03,19.29
2015-06-04,19.44
2015-06-05,19.19
2015-06-08,18.68
2015-06-09,19.05
2015-06-10,18.95
2015-06-11,19.07
2015-06-12,18.69
2015-06-15,19.07
2015-06-16,18.62
2015-06-17,19.08
2015-06-18,18.89
2015-06-19,19.0
2015-06-23,19.45
2015-06-24,19.07
2015-06-25,18.89
2015-06-26,19.99
2015-06-29,19.53
2015-06-30,19.92
2015-07-01,19.68
2015-07-02,19.74
2015-07-03,19.09
2015-07-06,19.21
2015-07-07,18.34
2015-07-08,19.24
2015-07-09,19.13
2015-07-10,19.35
2015-07-13,19.5
2015-07-14,19.52
2015-07-15,18.98
2015-07-16,19.28
2015-07-17,19.69
2015-07-20,19.6
2015-07-21,19.32
2015-07-22,19.38
2015-07-23,19.26
2015-07-24,19.57
2015-07-27,19.41
2015-07-28,19.43
2015-07-29,19.03
2015-07-30,19.48
2015-07-31,18.08
2015-08-03,17.98
2015-08-04,18.77
2015-08-05,18.42
2015-08-06,18.31
2015-08-07,19.09
2015-08-10,19.13
2015-08-11,18.33
2015-08-12,18.68
2015-08-13,18.65
2015-08-14,18.72
2015-08-17,18.99
2015-08-18,18.93
2015-08-19,18.94
2015-08-20,19.24
2015-08-21,19.11
2015-08-24,19.12
2015-08-25,18.76
2015-08-26,18.66
2015-08-27,19.19
2015-08-28,19.19
2015-08-31,19.21
2015-09-01,19.2
2015-09-02,18.42
2015-09-06,18.38
2015-09-07,18.57
2015-09-08,18.25
2015-09-09,18.23
2015-09-10,18.54
2015-09-11,18.48
2015-09-14,18.68
2015-09-15,18.71
2015-09-16,18.94
2015-09-17,19.4
2015-09-18,19.25
2015-09-21,18.73
2015-09-22,19.02
2015-09-23,18.96
2015-09-24,19.15
2015-09-25,19.53
2015-09-28,19.18
2015-09-29,19.0
2015-09-30,19.2
2015-10-08,19.29
2015-10-09,19.35
2015-10-10,18.89
2015-10-12,18.98
2015-10-13,19.34
2015-10-14,18.77
2015-10-15,18.84
2015-10-16,19.63
2015-10-19,19.1
2015-10-20,19.39
2015-10-21,18.74
2015-10-22,18.92
2015-10-23,19.12
2015-10-26,18.47
2015-10-27,18.87
2015-10-28,19.05
2015-10-29,18.42
2015-10-30,18.18
2015-11-02,18.45
2015-11-03,18.58
2015-11-04,18.36
2015-11-05,18.53
2015-11-06,19.08
2015-11-09,19.6
2015-11-10,19.4
2015-11-11,19.14
2015-11-12,18.96
2015-11-13,18.38
2015-11-16,18.46
2015-11-17,18.41
2015-11-18,19.07
2015-11-19,18.89
2015-11-20,18.36
2015-11-23,19.07
2015-11-24,18.3
2015-11-25,18.43
2015-11-26,18.52
2015-11-27,18.75
2015-11-30,19.07
2015-12-01,18.98
2015-12-02,18.3
2015-12-03,18.64
2015-12-04,18.65
2015-12-07,18.58
2015-12-08,18.7
2015-12-09,19.0
2015-12-10,19.58
2015-12-11,18.48
2015-12-14,18.71
2015-12-15,18.5
2015-12-16,18.23
2015-12-17,18.47
2015-12-18,18.74
2015-12-21,18.8
2015-12-22,18.97
2015-12-23,19.02
2015-12-24,18.29
2015-12-25,18.44
2015-12-28,18.53
2015-12-29,18.97
2015-12-30,18.41
2015-12-31,19.4
2016-01-04,18.79
2016-01-05,18.47
2016-01-06,18.61
2016-01-07,18.5
2016-01-08,18.27
2016-01-11,18.86
2016-01-12,19.2
2016-01-13,19.09
2016-01-14,18.43
2016-01-15,18.39
2016-01-18,18.6
2016-01-19,19.12
2016-01-20,18.63
2016-01-21,18.82
2016-01-22,18.79
2016-01-25,18.59
2016-01-26,19.27
2016-01-27,19.21
2016-01-28,18.84
2016-01-29,18.66
2016-02-01,19.41
2016-02-02,18.12
2016-02-03,18.69
2016-02-04,18.65
2016-02-05,18.53
2016-02-18,18.58
2016-02-19,18.11
2016-02-22,18.44
2016-02-23,18.62
2016-02-24,18.19
2016-02-25,18.78
2016-02-26,17.81
2016-02-29,18.73
2016-03-01,18.68
2016-03-02,18.41
2016-03-03,17.94
2016-03-04,18.76
2016-03-07,18.53
2016-03-08,19.17
2016-03-09,19.08
2016-03-10,18.88
2016-03-11,19.38
2016-03-14,19.21
2016-03-15,19.18
2016-03-16,19.44
2016-03-17,19.03
2016-03-18,18.98
2016-03-21,18.18
2016-03-22,19.31
2016-03-23,19.04
2016-03-24,18.64
2016-03-25,19.03
2016-03-28,19.43
2016-03-29,18.94
2016-03-30,18.38
2016-03-31,18.57
2016-04-01,18.58
2016-04-05,18.79
2016-04-06,18.59
2016-04-07,18.48
2016-04-08,18.58
2016-04-11,18.88
2016-04-12,18.95
2016-04-13,18.49
2016-04-14,18.77
2016-04-15,18.5
2016-04-18,18.88
2016-04-19,19.22
2016-04-20,18.99
2016-04-21,18.37
2016-04-22,18.19
2016-04-25,18.26
2016-04-26,18.71
2016-04-27,18.78
2016-04-28,18.3
2016-04-29,18.57
2016-05-03,18.81
2016-05-04,18.65
2016-05-05,17.59
2016-05-06,18.41
2016-05-09,18.32
2016-05-10,18.45
2016-05-11,18.53
2016-05-12,18.55
2016-05-13,18.73
2016-05-16,18.84
2016-05-17,17.67
2016-05-18,17.75
2016-05-19,18.38
2016-05-20,18.06
2016-05-23,17.92
2016-05-24,18.1
2016-05-25,18.21
2016-05-26,18.02
2016-05-27,17.68
2016-05-30,16.85
2016-05-31,16.84
2016-06-01,17.39
2016-06-02,16.45
2016-06-03,18.38
2016-06-06,17.67
2016-06-07,18.09
2016-06-08,17.85
2016-06-12,17.0
2016-06-13,16.55
2016-06-14,16.58
2016-06-15,17.0
2016-06-16,17.06
2016-06-17,17.22
2016-06-20,17.3
2016-06-21,17.29
2016-06-22,17.44
2016-06-23,17.58
2016-06-24,17.06
2016-06-27,17.06
2016-06-28,17.06
2016-06-29,17.5
2016-06-30,15.68
2016-07-01,16.31
2016-07-04,16.35
2016-07-05,16.24
2016-07-06,16.07
2016-07-07,15.62
2016-07-08,16.98
2016-07-11,17.91
2016-07-12,17.68
2016-07-13,17.17
2016-07-14,17.76
2016-07-15,17.3
2016-07-18,17.46
2016-07-19,16.78
2016-07-20,17.13
2016-07-21,17.02
2016-07-22,17.77
2016-07-25,16.13
2016-07-26,17.53
2016-07-27,17.21
2016-07-28,16.32
2016-07-29,16.8
2016-08-01,15.77
2016-08-02,16.04
2016-08-03,16.18
2016-08-04,15.76
2016-08-05,17.08
2016-08-08,17.5
2016-08-09,17.25
2016-08-10,18.09
2016-08-11,18.31
2016-08-12,17.7
2016-08-15,17.9
2016-08-16,17.65
2016-08-17,16.82
2016-08-18,17.91
2016-08-19,17.26
2016-09-08,17.4
2016-09-09,17.13
2016-09-12,17.28
2016-09-13,15.93
2016-09-14,17.16
2016-09-18,16.76
2016-09-19,15.97
2016-09-20,17.22
2016-09-21,15.84
2016-09-22,17.15
2016-09-23,16.7
2016-09-26,15.45
2016-09-27,16.26
2016-09-28,16.25
2016-09-29,16.85
2016-09-30,17.0
2016-10-08,16.11
2016-10-09,16.84
2016-10-10,16.81
2016-10-11,16.94
2016-10-12,16.08
2016-10-13,16.66
2016-10-14,16.76
2016-10-17,17.01
2016-10-18,17.08
2016-10-19,16.34
2016-10-20,17.22
2016-10-21,16.1
2016-10-24,16.25
2016-10-25,16.19
2016-10-26,16.2
2016-10-27,16.5
2016-10-28,16.8
2016-10-31,15.38
2016-11-01,15.52
2016-11-02,15.07
2016-11-03,15.93
2016-11-04,16.26
2016-11-07,15.78
2016-11-08,15.87
2016-11-09,16.44
2016-11-10,15.5
2016-11-11,15.79
2016-11-14,15.43
2016-11-15,16.38
2016-11-16,16.2
2016-11-17,15.94
2016-11-18,16.4
2016-11-21,17.02
2016-11-22,16.84
2016-11-23,16.3
2016-11-24,16.45
2016-11-25,16.51
2016-11-28,15.86
2016-11-29,15.85
2016-11-30,15.53
2016-12-01,15.92
2016-12-02,15.83
2016-12-05,16.23
2016-12-06,15.84
2016-12-07,16.21
2016-12-08,16.35
2016-12-09,16.13
2016-12-12,16.33
2016-12-13,15.97
2016-12-14,16.72
2016-12-15,15.62
2016-12-16,16.66
2016-12-19,15.79
2016-12-20,15.53
2016-12-21,16.46
2016-12-22,15.53
2016-12-23,16.62
2016-12-26,15.79
2016-12-27,16.39
2016-12-28,15.71
2016-12-29,16.81
2016-12-30,16.0
2017-01-04,15.91
2017-01-05,16.85
2017-01-06,15.86
2017-01-09,16.13
2017-01-10,15.57
2017-01-11,16.39
2017-01-12,16.35
2017-01-13,16.06
2017-01-16,16.92
2017-01-17,16.59
2017-01-18,16.71
2017-01-19,16.02
2017-01-20,15.87
2017-01-22,16.58
2017-01-23,15.58
2017-01-24,15.95
2017-01-25,15.75
2017-02-07,16.06
2017-02-08,15.99
2017-02-09,16.19
2017-02-10,16.38
2017-02-13,15.68
2017-02-14,16.53
2017-02-15,15.39
2017-02-16,16.45
2017-02-17,16.04
2017-02-20,15.49
2017-02-21,15.68
2017-02-22,15.26
2017-02-23,15.82
2017-02-24,16.54
2017-02-27,16.28
2017-02-28,16.36
2017-03-01,16.5
2017-03-02,16.65
2017-03-03,16.05
2017-03-06,16.37
2017-03-07,16.53
2017-03-08,16.31
2017-03-09,15.86
2017-03-10,16.65
2017-03-13,16.63
2017-03-14,15.45
2017-03-15,15.87
2017-03-16,16.19
2017-03-17,16.37
2017-03-20,15.83
2017-03-21,15.87
2017-03-22,15.73
2017-03-23,15.64
2017-03-24,16.07
2017-03-27,15.6
2017-03-28,15.57
2017-03-30,16.14
2017-03-31,16.9
2017-04-01,16.35
2017-04-05,16.1
2017-04-06,14.75
2017-04-07,16.25
2017-04-10,16.7
2017-04-11,16.07
2017-04-12,15.96
2017-04-13,16.17
2017-04-14,16.06
2017-04-17,15.91
2017-04-18,16.34
2017-04-19,15.4
2017-04-20,15.6
2017-04-21,15.38
2017-04-24,15.44
2017-04-25,15.83
2017-04-26,15.55
2017-04-27,15.89
2017-04-28,16.48
2017-05-02,16.0
2017-05-03,15.51
2017-05-04,15.68
2017-05-05,15.43
2017-05-08,15.39
2017-05-09,15.12
2017-05-10,15.52
2017-05-11,15.07
2017-05-12,15.18
2017-05-15,15.9
2017-05-16,16.25
2017-05-17,15.53
2017-05-18,15.47
2017-05-19,15.29
2017-05-22,15.56
2017-05-23,15.02
2017-05-24,16.0
2017-05-25,15.82
2017-05-26,15.09
2017-05-27,15.25
2017-05-31,15.25
2017-06-01,15.49
2017-06-02,15.39
2017-06-05,15.73
2017-06-06,15.9
2017-06-07,15.36
2017-06-08,15.74
2017-06-09,15.49
2017-06-12,15.39
2017-06-13,15.53
2017-06-14,15.09
2017-06-15,15.92
2017-06-16,15.4
2017-06-19,15.25
2017-06-20,15.26
2017-06-21,14.85
2017-06-22,15.13
2017-06-23,15.36
2017-06-26,15.51
2017-06-27,15.41
2017-06-28,15.29
2017-06-29,15.25
2017-06-30,15.86
2017-07-03,16.11
2017-07-04,16.19
2017-07-05,16.11
2017-07-06,15.59
2017-07-07,15.28
2017-07-10,15.08
2017-07-11,15.91
2017-07-12,14.84
2017-07-13,15.38
2017-07-14,15.19
2017-07-17,15.6
2017-07-18,15.24
2017-07-19,16.2
2017-07-20,16.28
2017-07-21,15.54
2017-07-24,15.47
2017-07-25,15.49
2017-07-26,14.94
2017-07-27,15.84
2017-07-28,15.42
2017-07-31,16.05
2017-08-01,15.02
2017-08-02,15.03
2017-08-03,15.47
2017-08-04,15.21
2017-08-07,14.96
2017-08-08,15.58
2017-08-09,15.86
2017-08-10,15.14
2017-08-11,15.31
2017-08-14,15.64
2017-08-15,14.98
2017-08-16,15.02
2017-08-17,15.23
2017-08-18,15.32
2017-08-21,15.84
2017-08-22,14.86
2017-08-23,15.28
2017-08-24,15.38
2017-08-25,16.38
2017-08-28,15.94
2017-08-29,15.98
2017-08-30,14.97
2017-08-31,15.61
2017-09-01,15.03
2017-09-04,15.82
2017-09-05,15.35
2017-09-06,15.45
2017-09-07,15.65
2017-09-08,15.45
2017-09-11,15.92
2017-09-12,15.9
2017-09-13,15.56
2017-09-14,15.82
2017-09-15,15.8
2017-09-18,16.18
2017-09-19,15.81
2017-09-20,16.13
2017-09-21,16.19
2017-09-22,16.16
2017-09-25,16.08
2017-09-26,15.4
2017-09-27,16.19
2017-09-28,16.17
2017-09-29,16.12
2017-09-30,15.73
2017-10-09,15.37
2017-10-10,15.26
2017-10-11,15.85
2017-10-12,15.46
2017-10-13,15.51
2017-11-01,15.9
2017-11-02,15.36
2017-11-03,15.75
2017-11-06,15.26
2017-11-07,15.6
2017-11-08,14.93
2017-11-09,15.6
2017-11-10,16.12
2017-11-13,15.6
2017-11-14,15.4
2017-11-15,15.15
2017-11-16,15.88
2017-11-17,15.54
2017-11-20,14.8
2017-11-21,15.41
2017-11-22,15.56
2017-11-23,15.96
2017-11-24,15.14
2017-11-27,15.25
2017-11-28,15.37
2017-11-29,15.09
2017-11-30,15.12
2017-12-01,16.29
2017-12-04,16.15
2017-12-05,15.78
2017-12-06,16.0
2017-12-07,15.26
2017-12-08,15.68
2017-12-11,14.96
2017-12-12,15.1
2017-12-13,16.1
2017-12-14,15.71
2017-12-15,15.54
2017-12-18,15.02
2017-12-19,15.14
2017-12-20,15.63
2017-12-21,15.8
2017-12-22,15.17
2017-12-25,14.79
2017-12-26,16.13
2017-12-27,15.63
2017-12-28,15.64
2017-12-29,15.05
2018-01-02,15.05
2018-01-03,15.58
2018-01-04,15.91
2018-01-05,15.26
2018-01-08,16.26
2018-01-09,16.42
2018-01-10,15.92
2018-01-11,15.98
2018-01-12,15.44
2018-01-15,15.27
2018-01-16,15.12
2018-01-17,15.13
2018-01-18,15.33
2018-01-19,15.36
2018-01-22,16.03
2018-01-23,16.18
2018-01-24,15.25
2018-01-25,15.17
2018-01-26,15.99
2018-01-29,16.02
2018-01-30,15.91
2018-01-31,15.16
2018-02-01,15.41
2018-02-02,15.67
2018-02-05,15.78
2018-02-06,16.03
2018-02-07,16.09
2018-02-08,16.66
2018-02-09,15.52
2018-02-11,15.62
2018-02-12,15.39
2018-02-26,15.1
2018-02-27,15.28
2018-02-28,15.28
2018-03-01,15.05
2018-03-02,15.92
2018-03-05,15.9
2018-03-06,16.37
2018-03-07,16.26
2018-03-08,16.48
2018-03-09,15.93
2018-03-12,15.37
2018-03-13,15.8
2018-03-14,15.43
2018-03-15,14.62
2018-03-16,15.74
2018-03-19,15.74
2018-03-20,16.34
2018-03-21,16.41
2018-03-22,16.44
2018-03-23,15.83
2018-03-26,15.79
2018-03-27,15.77
2018-03-28,15.12
2018-03-29,15.66
2018-03-30,15.14
2018-04-02,15.51
2018-04-03,15.8
2018-04-04,15.08
2018-04-08,14.89
2018-04-09,15.96
2018-04-10,15.74
2018-04-11,15.4
2018-04-12,15.32
2018-04-13,15.4
2018-04-16,15.94
2018-04-17,15.11
2018-04-18,15.84
2018-04-19,15.27
2018-04-20,15.48
2018-04-23,15.36
2018-04-24,15.83
2018-04-25,15.1
2018-04-26,15.74
2018-04-27,16.15
2018-04-28,16.5
2018-05-02,15.18
2018-05-03,15.49
2018-05-04,14.96
2018-05-07,15.52
2018-05-08,15.3
2018-05-09,15.73
2018-05-10,15.73
2018-05-11,15.94
2018-05-14,14.9
2018-05-15,15.58
2018-05-16,15.09
2018-05-17,15.05
2018-05-18,16.19
2018-05-21,15.9
2018-05-22,15.76
2018-05-23,15.41
2018-05-24,15.57
2018-05-25,16.64
2018-05-28,16.96
2018-05-29,15.59
2018-05-30,16.26
2018-05-31,16.05
2018-06-01,16.32
2018-06-04,15.4
2018-06-05,16.09
2018-06-06,15.63
2018-06-07,15.93
2018-06-08,15.7
2018-06-11,15.99
2018-06-12,16.41
2018-06-13,14.95
2018-06-14,15.81
2018-06-15,16.5
2018-06-19,16.57
2018-06-20,16.74
2018-06-21,15.46
2018-06-22,15.72
2018-06-25,15.15
2018-06-26,15.26
2018-06-27,15.34
2018-06-28,15.0
2018-06-29,16.22
2018-07-02,16.62
2018-07-03,16.34
2018-07-04,16.87
2018-07-05,14.47
2018-07-06,14.81
2018-07-09,15.69
2018-07-10,14.84
2018-07-11,14.82
2018-07-12,15.36
2018-07-13,15.86
2018-07-16,15.23
2018-07-17,15.8
2018-07-18,15.41
2018-07-19,16.37
2018-07-20,16.14
2018-07-23,15.66
2018-07-24,16.67
2018-07-25,15.5
2018-07-26,16.07
2018-07-27,16.55
2018-07-30,15.8
2018-07-31,16.1
2018-08-01,15.21
2018-08-02,16.58
2018-08-03,16.07
2018-08-06,15.67
2018-08-07,15.9
2018-08-08,15.78
2018-08-09,15.42
2018-08-10,16.91
2018-08-13,15.29
2018-08-14,15.97
2018-08-15,15.95
2018-08-16,16.14
2018-08-17,16.88
2018-08-20,16.5
2018-08-21,16.04
2018-08-22,16.44
2018-08-23,16.0
2018-08-24,16.21
2018-08-27,16.59
2018-08-28,16.99
2018-08-29,16.03
2018-08-30,16.18
2018-08-31,16.71
2018-09-03,16.01
2018-09-04,15.98
2018-09-05,16.22
2018-09-06,16.34
2018-09-07,16.1
2018-09-10,15.58
2018-09-11,15.99
2018-09-12,15.94
2018-09-13,16.15
2018-09-14,15.87
2018-09-17,15.0
2018-09-18,15.92
2018-09-19,15.7
2018-09-20,15.99
2018-09-21,16.75
2018-09-25,15.77
2018-09-26,16.54
2018-09-27,16.32
2018-09-28,16.06
2018-09-29,16.27
2018-09-30,15.41
2018-10-08,16.28
2018-10-09,15.78
2018-10-10,16.44
2018-10-11,15.59
2018-10-12,14.94
2018-10-15,15.29
2018-10-16,15.4
2018-10-17,16.16
2018-10-18,15.33
2018-10-19,15.95
2018-10-22,16.08
2018-10-23,15.24
2018-10-24,16.23
2018-10-25,16.0
2018-10-26,16.18
2018-10-29,17.41
2018-10-30,15.68
2018-10-31,17.07
2018-11-01,16.11
2018-11-02,16.73
2018-11-05,15.91
2018-11-06,15.82
2018-11-07,16.71
2018-11-08,16.42
2018-11-09,16.06
2018-11-12,15.69
2018-11-13,16.3
2018-11-14,16.26
2018-11-15,15.38
2018-11-16,17.51
2018-11-19,16.16
2018-11-20,16.24
2018-11-21,16.0
2018-11-22,17.19
2018-11-23,15.64
2018-11-26,15.82
2018-11-27,16.03
2018-11-28,15.79
2018-11-29,16.25
2018-11-30,16.08
2018-12-03,17.19
2018-12-04,16.42
2018-12-05,15.74
2018-12-06,16.41
2018-12-07,16.18
2018-12-10,16.21
2018-12-11,15.47
2018-12-12,15.28
2018-12-13,15.32
2018-12-14,16.44
2018-12-17,15.6
2018-12-18,16.38
2018-12-19,16.65
2018-12-20,15.83
2018-12-21,15.29
2018-12-24,15.26
2018-12-25,15.88
2018-12-26,16.59
2018-12-27,16.17
2018-12-28,16.3
2018-12-29,15.15
2019-01-02,16.08
2019-01-03,16.01
2019-01-04,15.22
2019-01-07,15.59
2019-01-08,17.0
2019-01-09,16.31
2019-01-10,15.69
2019-01-11,16.43
2019-01-14,15.81
2019-01-15,15.65
2019-01-16,15.98
2019-01-17,15.59
2019-01-18,15.74
2019-01-21,15.32
2019-01-22,16.23
2019-01-23,16.08
2019-01-24,17.01
2019-01-25,15.74
2019-01-28,16.22
2019-01-29,16.45
2019-01-30,15.85
2019-01-31,15.87
2019-02-01,16.09
2019-02-18,16.31
2019-02-19,16.21
2019-02-20,16.77
2019-02-21,15.9
2019-02-22,15.64
2019-02-25,15.57
2019-02-26,16.01
2019-02-27,16.47
2019-02-28,15.86
2019-03-01,15.57
2019-03-06,15.05
2019-03-07,14.95
2019-03-08,15.17
2019-03-11,15.61
2019-03-12,16.09
2019-03-13,15.58
2019-03-14,16.14
2019-03-15,16.14
2019-03-18,16.63
2019-03-19,16.1
2019-03-20,16.0
2019-03-21,16.11
2019-03-22,15.45
2019-03-25,16.61
2019-03-26,16.21
2019-03-27,15.55
2019-03-28,16.17
2019-03-29,15.98
2019-04-01,15.82
2019-04-02,16.06
2019-04-03,16.74
2019-04-04,15.7
2019-04-08,15.79
2019-04-09,16.49
2019-04-10,16.02
2019-04-11,16.27
2019-04-12,16.05
2019-04-15,15.57
2019-04-16,16.38
2019-04-17,15.7
2019-04-18,15.59
2019-04-19,16.56
2019-04-22,16.35
2019-04-23,15.96
2019-04-24,16.33
2019-04-25,16.36
2019-04-26,15.99
2019-04-28,15.86
2019-04-29,15.1
2019-04-30,15.89
2019-05-05,15.36
2019-05-06,15.54
2019-05-07,15.37
2019-05-08,15.22
2019-05-09,15.32
2019-05-10,16.59
2019-05-13,15.85
2019-05-14,15.5
2019-05-15,16.18
2019-05-16,15.81
2019-05-17,15.17
2019-05-20,16.01
2019-05-21,16.08
2019-05-22,15.95
2019-05-23,15.67
2019-05-24,16.68
2019-05-27,16.21
2019-05-28,15.34
2019-05-29,16.44
2019-05-30,16.21
2019-05-31,15.84
2019-06-03,15.63
2019-06-04,15.28
2019-06-05,16.05
2019-06-06,15.94
2019-06-10,16.25
2019-06-11,16.17
2019-06-12,15.99
2019-06-13,16.24
2019-06-14,16.65
2019-06-17,16.03
2019-06-18,16.5
2019-06-19,16.11
2019-06-20,16.28
2019-06-21,15.34
2019-06-24,16.54
2019-06-25,16.44
2019-06-26,15.4
2019-06-27,15.45
2019-06-28,16.46
2019-07-01,15.7
2019-07-02,16.08
2019-07-03,15.5
2019-07-04,16.41
2019-07-05,15.63
2019-07-08,15.82
2019-07-09,15.36
2019-07-10,16.01
2019-07-11,16.23
2019-07-12,16.22
2019-07-15,16.12
2019-07-16,16.59
2019-07-17,15.8
2019-07-18,16.94
2019-07-19,15.42
2019-07-22,15.81
2019-07-23,15.12
2019-07-24,16.18
2019-07-25,15.79
2019-07-26,16.24
2019-07-29,16.53
2019-07-30,15.3
2019-07-31,16.37
2019-08-01,16.25
2019-08-02,16.22
2019-08-05,15.76
2019-08-06,15.49
2019-08-07,15.77
2019-08-08,16.27
2019-08-09,15.14
2019-08-12,16.01
2019-08-13,15.54
2019-08-14,15.91
2019-08-15,15.3
2019-08-16,15.57
2019-08-19,14.73
2019-08-20,15.7
2019-08-21,15.48
2019-08-22,15.04
2019-08-23,16.07
2019-08-26,14.95
2019-08-27,15.35
2019-08-28,15.0
2019-08-29,15.86
2019-08-30,16.04
2019-09-02,15.13
2019-09-03,15.88
2019-09-04,15.61
2019-09-05,15.08
2019-09-06,15.83
2019-09-09,15.92
2019-09-10,15.21
2019-09-11,15.84
2019-09-12,15.34
2019-09-16,15.65
2019-09-17,15.77
2019-09-18,15.87
2019-09-19,15.85
2019-09-20,15.73
2019-09-23,14.61
2019-09-24,14.43
2019-09-25,14.55
2019-09-27,16.05
2019-09-29,15.46
2019-09-30,15.69
2019-10-08,16.26
2019-10-09,16.64
2019-10-10,15.92
2019-10-11,16.36
2019-10-12,15.71
2019-10-14,14.89
2019-10-15,15.69
2019-10-16,14.96
2019-10-17,15.32
2019-10-18,15.87
2019-10-21,15.55
2019-10-22,15.46
2019-10-23,15.51
2019-10-24,15.39
2019-10-25,15.69
2019-10-28,15.49
2019-10-29,16.23
2019-10-30,15.8
2019-10-31,15.09
2019-11-01,16.13
2019-11-04,15.98
2019-11-05,16.11
2019-11-06,15.94
2019-11-07,14.9
2019-11-08,15.38
2019-11-11,16.25
2019-11-12,16.23
2019-11-13,14.78
2019-11-14,16.31
2019-11-15,14.5
2019-11-18,14.83
2019-11-19,14.8
2019-11-20,15.85
2019-11-21,15.62
2019-11-22,17.01
2019-11-25,16.12
2019-11-26,15.88
2019-11-27,14.21
2019-11-28,15.15
2019-11-29,14.58
2019-12-02,14.2
2019-12-03,14.35
2019-12-04,14.99
2019-12-05,15.15
2019-12-06,15.09
2019-12-09,15.22
2019-12-10,16.55
2019-12-11,15.56
2019-12-12,16.27
2019-12-13,14.8
2019-12-16,14.94
2019-12-17,14.32
2019-12-18,15.3
2019-12-19,14.39
2019-12-20,15.88
2019-12-23,15.28
2019-12-24,15.91
2019-12-25,15.38
2019-12-26,15.53
2019-12-27,15.1
2019-12-30,15.15
2019-12-31,15.9
2020-01-02,15.14
2020-01-03,15.39
2020-01-06,14.91
2020-01-07,14.96
2020-01-08,15.33
2020-01-09,15.28
2020-01-10,15.28
2020-01-13,16.45
2020-01-14,15.94
2020-01-15,15.58
2020-01-16,15.65
2020-01-17,15.07
2020-03-02,14.99
2020-03-03,15.5
2020-03-04,15.1
2020-03-05,14.76
2020-03-06,15.61
2020-03-09,15.37
2020-03-10,15.51
2020-03-11,15.4
2020-03-12,15.89
2020-03-13,15.7
2020-03-16,15.31
2020-03-17,15.8
2020-03-18,16.06
2020-03-19,15.15
2020-03-20,14.87
2020-03-23,15.14
2020-03-24,15.18
2020-03-25,14.61
2020-03-26,15.09
2020-03-27,15.42
2020-03-30,16.76
2020-03-31,15.12
2020-04-01,15.56
2020-04-02,16.48
2020-04-03,15.96
2020-04-07,16.17
2020-04-08,15.26
2020-04-09,15.96
2020-04-10,15.83
2020-04-13,16.07
2020-04-14,14.84
2020-04-15,15.52
2020-04-16,16.34
2020-04-17,15.4
2020-04-20,14.93
2020-04-21,15.51
2020-04-22,14.48
2020-04-23,15.22
2020-04-24,15.27
2020-04-26,14.96
2020-04-27,16.01
2020-04-28,15.75
2020-04-29,15.51
2020-04-30,15.06
2020-05-06,15.63
2020-05-07,16.52
2020-05-08,15.59
2020-05-09,14.92
2020-05-11,15.86
2020-05-12,15.66
2020-05-13,15.62
2020-05-14,16.03
2020-05-15,16.39
2020-05-18,15.7
2020-05-19,15.76
2020-05-20,15.31
2020-05-21,15.76
2020-05-22,15.41
2020-05-25,16.35
2020-05-26,16.41
2020-05-27,15.41
2020-05-28,14.76
2020-05-29,15.33
2020-06-01,15.7
2020-06-02,15.73
2020-06-03,14.87
2020-06-04,14.11
2020-06-05,16.06
2020-06-08,15.31
2020-06-09,15.36
2020-06-10,16.28
2020-06-11,14.97
2020-06-12,14.92
2020-06-15,15.95
2020-06-16,15.36
2020-06-17,14.92
2020-06-18,16.54
2020-06-19,16.19
2020-06-22,16.19
2020-06-23,15.59
2020-06-24,15.35
2020-06-28,15.03
2020-06-29,14.91
2020-06-30,14.96
2020-07-01,16.17
2020-07-02,15.5
2020-07-03,14.95
2020-07-06,15.77
2020-07-07,14.9
2020-07-08,15.22
2020-07-09,15.92
2020-07-10,15.95
2020-07-13,16.45
2020-07-14,15.32
2020-07-15,15.0
2020-07-16,15.88
2020-07-17,15.23
2020-07-20,16.39
2020-07-21,17.8
2020-07-22,14.93
2020-07-23,16.66
2020-07-24,17.29
2020-07-27,16.1
2020-07-28,15.92
2020-07-29,16.17
2020-07-30,14.98
2020-07-31,15.95
2020-08-03,15.63
2020-08-04,16.51
2020-08-05,15.89
2020-08-06,15.28
2020-08-07,15.19
2020-08-10,15.97
2020-08-11,17.35
2020-08-12,16.93
2020-08-13,16.13
2020-08-14,14.82
2020-08-17,15.72
2020-08-18,16.08
2020-08-19,16.36
2020-08-20,15.58
2020-08-21,15.86
2020-08-24,16.44
2020-08-25,13.8
2020-08-26,15.75
2020-08-27,14.45
2020-08-28,14.84
2020-08-31,16.37
2020-09-01,15.27
2020-09-02,15.74
2020-09-03,14.47
2020-09-04,14.5
2020-09-07,15.68
2020-09-08,15.18
2020-09-09,14.8
2020-09-10,15.42
2020-09-11,14.97
2020-09-14,12.82
2020-09-15,12.45
2020-09-16,14.31
2020-09-17,14.45
2020-09-18,14.06
2020-09-21,14.76
2020-09-22,14.25
2020-09-23,14.93
2020-09-24,15.01
2020-09-25,15.43
2020-09-27,13.73
2020-09-28,12.69
2020-09-29,13.91
2020-09-30,13.74
2020-10-09,14.29
2020-10-10,15.44
2020-10-12,14.75
2020-10-13,15.63
2020-10-14,14.94
2020-10-15,14.97
2020-10-16,14.88
2020-10-19,14.84
2020-10-20,14.95
2020-10-21,16.09
2020-10-22,15.52
2020-10-23,14.38
2020-10-26,14.41
2020-10-27,12.37
2020-10-28,14.76
2020-10-29,13.8
2020-10-30,14.61
2020-11-02,14.91
2020-11-03,14.37
2020-11-04,15.48
2020-11-05,14.86
2020-11-06,15.05
2020-11-09,15.04
2020-11-10,13.22
2020-11-11,15.34
2020-11-12,16.06
2020-11-13,14.66
2020-11-16,14.96
2020-11-17,15.46
2020-11-18,14.58
2020-11-19,14.52
2020-11-20,15.17
2020-11-23,15.77
2020-11-24,15.02
2020-11-25,15.58
2020-11-26,15.55
2020-11-27,13.98
2020-11-30,15.0
2020-12-01,15.17
2020-12-02,13.97
2020-12-03,15.16
2020-12-04,14.79
2020-12-07,14.65
2020-12-08,14.93
2020-12-09,14.78
2020-12-10,14.97
2020-12-11,15.2
2020-12-14,13.9
2020-12-15,15.07
2020-12-16,14.8
2020-12-17,14.96
2020-12-18,14.97
2020-12-21,15.04
2020-12-22,15.4
2020-12-23,15.14
2020-12-24,13.99
2020-12-25,14.17
2020-12-28,15.07
2020-12-29,14.88
2020-12-30,14.41
2020-12-31,14.16
2021-01-04,12.75
2021-01-05,13.91
2021-01-06,13.21
2021-01-07,13.36
2021-01-08,13.65
2021-01-11,15.25
2021-01-12,14.45
2021-01-13,14.61
2021-01-14,13.46
2021-01-15,14.57
2021-01-18,14.81
2021-01-19,14.07
2021-01-20,15.62
2021-01-21,14.48
2021-01-22,14.48
2021-01-25,14.66
2021-01-26,14.71
2021-01-27,14.79
2021-01-28,15.12
2021-01-29,14.81
2021-02-01,15.71
2021-02-02,16.24
2021-02-03,14.23
2021-02-04,14.99
2021-02-05,15.3
2021-02-20,14.59
2021-02-22,16.05
2021-02-23,14.96
2021-02-24,15.62
2021-02-25,15.91
2021-02-26,15.25
2021-03-01,15.21
2021-03-02,15.01
2021-03-03,13.94
2021-03-04,15.06
2021-03-05,14.66
2021-03-08,15.35
2021-03-09,15.57
2021-03-10,14.89
2021-03-11,14.75
2021-03-12,15.08
2021-03-15,15.3
2021-03-16,14.27
2021-03-17,14.66
2021-03-18,15.56
2021-03-19,14.62
2021-03-22,15.49
2021-03-23,15.44
2021-03-24,15.53
2021-03-25,15.75
2021-03-26,14.64
2021-03-29,14.23
2021-03-30,15.34
2021-03-31,14.5
2021-04-01,14.22
2021-04-02,14.59
2021-04-06,14.72
2021-04-07,14.63
2021-04-08,15.86
2021-04-09,15.07
2021-04-12,14.91
2021-04-13,15.61
2021-04-14,14.28
2021-04-15,14.96
2021-04-16,13.78
2021-04-19,14.91
2021-04-20,13.29
2021-04-21,14.56
2021-04-22,13.49
2021-04-23,14.54
2021-04-25,14.44
2021-04-26,14.47
2021-04-27,14.47
2021-04-28,14.81
2021-04-29,13.96
2021-04-30,13.48
2021-05-06,15.32
2021-05-07,14.7
2021-05-08,15.81
2021-05-10,14.37
2021-05-11,14.51
2021-05-12,15.92
2021-05-13,14.3
2021-05-14,14.55
2021-05-17,15.36
2021-05-18,14.57
2021-05-19,14.44
2021-05-20,14.85
2021-05-21,14.47
2021-05-24,14.73
2021-05-25,15.3
2021-05-26,14.33
2021-05-27,14.05
2021-05-28,13.44
2021-05-31,14.37
2021-06-01,14.44
2021-06-02,14.67
2021-06-03,14.91
2021-06-04,14.39
2021-06-07,15.45
2021-06-08,14.92
2021-06-09,15.02
2021-06-10,15.73
2021-06-11,14.52
2021-06-15,15.95
2021-06-16,15.03
2021-06-17,12.39
2021-06-18,14.02
2021-06-21,14.24
2021-06-22,15.01
2021-06-23,13.48
2021-06-24,15.28
2021-06-25,14.18
2021-06-28,14.7
2021-06-29,14.21
2021-06-30,13.48
2021-07-01,14.12
2021-07-02,14.84
2021-07-05,16.07
2021-07-06,15.54
2021-07-07,16.09
2021-07-08,14.52
2021-07-09,13.48
2021-07-12,15.79
2021-07-13,16.25
2021-07-14,15.36
2021-07-15,15.3
2021-07-16,15.22
2021-07-19,14.32
2021-07-20,16.27
2021-07-21,15.28
2021-07-22,15.56
2021-07-23,13.91
2021-07-26,15.35
2021-07-27,14.27
2021-07-28,14.31
2021-07-29,14.65
2021-07-30,13.65
2021-08-02,14.62
2021-08-03,15.2
2021-08-04,15.98
2021-08-05,14.74
2021-08-06,15.19
2021-08-09,15.17
2021-08-10,15.84
2021-08-11,15.42
2021-08-12,14.59
2021-08-13,15.32
2021-08-16,15.04
2021-08-17,14.25
2021-08-18,14.58
2021-08-19,13.67
2021-08-20,13.74
2021-08-23,14.98
2021-08-24,14.97
2021-08-25,14.8
2021-08-26,14.21
2021-08-27,13.94
2021-08-30,14.58
2021-08-31,15.82
2021-09-01,16.44
2021-09-03,15.42
2021-09-06,15.68
2021-09-07,13.89
2021-09-08,13.89
2021-09-09,14.67
2021-09-10,15.93
2021-09-13,14.75
2021-09-14,16.17
2021-09-15,14.15
2021-09-16,13.89
2021-09-17,12.97
2021-09-18,14.52
2021-09-22,14.0
2021-09-23,13.45
2021-09-24,14.32
2021-09-26,14.32
2021-09-27,13.06
2021-09-28,12.36
2021-09-29,13.11
2021-10-08,14.02
2021-10-09,15.57
2021-10-11,15.32
2021-10-12,15.11
2021-10-13,15.0
2021-10-14,16.46
2021-10-15,13.86
2021-10-18,14.85
2021-10-19,15.32
2021-10-20,14.48
2021-10-21,13.82
2021-10-22,13.8
2021-10-25,13.18
2021-10-26,14.75
2021-10-27,15.44
2021-10-28,13.27
2021-10-29,14.69
2021-11-01,14.75
2021-11-02,15.54
2021-11-03,14.8
2021-11-04,14.35
2021-11-05,13.27
2021-11-08,14.01
2021-11-09,13.81
2021-11-10,14.93
2021-11-11,13.87
2021-11-12,15.08
2021-11-15,15.69
2021-11-16,15.29
2021-11-17,13.65
2021-11-18,13.88
2021-11-19,14.09
2021-11-22,13.94
2021-11-23,14.86
2021-11-24,13.94
2021-11-25,14.67
2021-11-26,14.15
2021-11-29,14.09
2021-11-30,14.71
2021-12-01,14.93
2021-12-02,14.05
2021-12-03,15.04
2021-12-06,14.72
2021-12-07,14.78
2021-12-08,14.09
2021-12-09,14.7
2021-12-10,14.61
2021-12-13,15.81
2021-12-14,15.04
2021-12-15,13.72
2021-12-16,14.36
2021-12-17,14.65
2021-12-20,15.23
2021-12-21,15.01
2021-12-22,15.53
2021-12-23,14.43
2021-12-24,12.93
2021-12-27,14.42
2021-12-28,13.5
2021-12-29,13.55
2021-12-30,13.26
2021-12-31,14.33
2022-01-04,15.35
2022-01-05,13.84
2022-01-06,14.51
2022-01-07,14.73
2022-01-10,15.06
2022-01-11,15.05
2022-01-12,15.19
2022-01-13,15.22
2022-01-14,14.66
2022-01-17,15.36
2022-01-18,13.7
2022-01-19,14.3
2022-01-20,13.74
2022-01-21,13.29
2022-01-24,13.81
2022-01-25,14.17
2022-02-11,13.89
2022-02-14,15.88
2022-02-15,15.81
2022-02-16,14.35
2022-02-17,13.72
2022-02-18,14.01
2022-02-21,14.17
2022-02-22,13.86
2022-02-23,13.63
2022-02-24,13.97
2022-02-25,14.12
2022-02-28,14.32
2022-03-01,15.44
2022-03-02,13.81
2022-03-03,15.46
2022-03-04,14.03
2022-03-07,15.12
2022-03-08,16.7
2022-03-09,16.56
2022-03-10,15.18
2022-03-11,14.16
2022-03-14,14.01
2022-03-15,13.71
2022-03-16,15.26
2022-03-17,14.97
2022-03-18,14.95
2022-03-21,15.44
2022-03-22,15.21
2022-03-23,15.19
2022-03-24,14.95
2022-03-25,14.32
2022-03-28,13.48
2022-03-29,14.46
2022-03-30,13.69
2022-03-31,14.37
2022-04-01,14.04
2022-04-02,14.18
2022-04-06,14.12
2022-04-07,14.03
2022-04-08,14.15
2022-04-11,14.77
2022-04-12,15.85
2022-04-13,16.5
2022-04-14,15.11
2022-04-15,15.6
2022-04-18,15.76
2022-04-19,14.52
2022-04-20,14.46
2022-04-21,15.37
2022-04-22,16.15
2022-04-24,15.72
2022-04-25,15.23
2022-04-26,15.27
2022-04-27,14.93
2022-04-29,14.26
2022-05-05,15.15
2022-05-06,14.72
2022-05-07,15.4
2022-05-09,16.57
2022-05-10,16.29
2022-05-11,15.61
2022-05-12,15.01
2022-05-13,14.56
2022-05-16,15.51
2022-05-17,16.52
2022-05-18,13.97
2022-05-19,15.13
2022-05-20,14.77
2022-05-23,15.63
2022-05-24,16.06
2022-05-25,13.99
2022-05-26,13.82
2022-05-27,14.67
2022-05-30,14.33
2022-05-31,13.82
2022-06-01,15.38
2022-06-02,15.58
2022-06-06,16.1
2022-06-07,16.49
2022-06-08,15.12
2022-06-09,16.54
2022-06-10,14.76
2022-06-13,16.28
2022-06-14,15.06
2022-06-15,15.1
2022-06-16,13.65
2022-06-17,15.16
2022-06-20,16.59
2022-06-21,14.31
2022-06-22,15.31
2022-06-23,15.9
2022-06-24,15.53
2022-06-27,16.11
2022-06-28,14.64
2022-06-29,15.81
2022-06-30,14.13
2022-07-01,15.94
2022-07-04,15.86
2022-07-05,15.38
2022-07-07,14.42
2022-07-08,15.21
2022-07-11,14.45
2022-07-12,15.56
2022-07-13,14.66
2022-07-14,15.53
2022-07-15,16.03
2022-07-18,16.31
2022-07-19,15.29
2022-07-20,16.42
2022-07-21,14.93
2022-07-22,14.67
2022-07-25,15.57
2022-07-26,15.33
2022-07-27,16.05
2022-07-29,14.74
2022-08-01,15.92
2022-08-02,16.49
2022-08-03,15.55
2022-08-04,15.5
2022-08-05,14.85
2022-08-08,15.1
2022-08-09,14.17
2022-08-10,14.72
2022-08-11,15.07
2022-08-12,14.21
2022-08-15,15.82
2022-08-16,15.98
2022-08-17,15.5
2022-08-18,15.23
2022-08-19,14.21
2022-08-22,16.44
2022-08-23,15.28
2022-08-24,14.21
2022-08-25,15.95
2022-08-26,15.19
2022-08-29,16.13
2022-08-30,15.02
2022-08-31,14.96
2022-09-01,13.32
2022-09-02,15.71
2022-09-05,16.67
2022-09-06,16.79
2022-09-07,13.91
2022-09-08,16.09
2022-09-09,15.51
2022-09-13,16.84
2022-09-14,15.9
2022-09-15,14.74
2022-09-16,13.57
2022-09-19,16.39
2022-09-20,15.28
2022-09-21,14.64
2022-09-22,15.54
2022-09-23,15.72
2022-09-26,16.25
2022-09-27,15.7
2022-09-28,13.89
2022-09-29,14.46
2022-09-30,15.08
2022-10-08,16.05
2022-10-09,16.22
2022-10-10,14.51
2022-10-11,15.89
2022-10-12,15.68
2022-10-13,13.37
2022-10-14,13.89
2022-10-17,13.42
2022-10-18,15.62
2022-10-19,14.43
2022-10-20,14.8
2022-10-21,13.53
2022-10-24,14.18
2022-10-25,15.97
2022-10-26,13.16
2022-10-27,13.47
2022-10-28,13.39
2022-10-31,15.72
2022-11-01,16.06
2022-11-02,14.7
2022-11-03,13.02
2022-11-04,14.38
2022-11-07,16.19
2022-11-08,15.78
2022-11-09,15.93
2022-11-10,15.38
2022-11-11,13.46
2022-11-14,15.28
2022-11-15,16.52
2022-11-16,14.75
2022-11-17,15.34
2022-11-18,16.53
2022-11-21,15.42
2022-11-22,15.19
2022-11-23,16.3
2022-11-24,14.47
2022-11-25,14.82
2022-11-28,13.6
2022-11-29,15.74
2022-11-30,15.46
2022-12-01,15.01
2022-12-02,13.68
2022-12-05,16.7
2022-12-06,14.96
2022-12-07,15.06
2022-12-08,14.25
2022-12-09,14.68
2022-12-12,15.29
2022-12-13,15.41
2022-12-14,15.78
2022-12-15,13.29
2022-12-16,15.35
2022-12-19,14.59
2022-12-20,15.08
2022-12-21,15.37
2022-12-22,14.93
2022-12-23,15.62
2022-12-26,14.29
2022-12-27,15.25
2022-12-28,15.23
2022-12-29,15.26
2022-12-30,13.4
2023-01-03,15.23
2023-01-04,14.38
2023-01-05,13.33
2023-01-06,13.34
2023-01-09,13.82
2023-01-10,14.22
2023-01-11,15.63
2023-01-12,14.6
2023-01-29,14.72
2023-01-30,14.93
2023-01-31,16.33
2023-02-01,14.81
2023-02-02,16.51
2023-02-03,15.27
2023-02-06,15.08
2023-02-07,15.83
2023-02-08,14.95
2023-02-09,16.65
2023-02-10,14.83
2023-02-13,15.72
2023-02-14,15.52
2023-02-15,15.32
2023-02-16,16.75
2023-02-17,14.2
2023-02-20,14.32
2023-02-21,15.65
2023-02-22,14.17
2023-02-23,13.46
2023-02-24,14.36
2023-02-27,15.54
2023-02-28,14.94
2023-03-01,14.2
2023-03-02,14.93
2023-03-03,14.92
2023-03-06,15.73
2023-03-07,14.45
2023-03-08,14.33
2023-03-16,15.6
2023-03-17,13.99
2023-03-20,16.25
2023-03-21,15.76
2023-03-22,15.83
2023-03-23,14.22
2023-03-24,13.82
2023-03-27,15.18
2023-03-28,14.9
2023-03-29,15.05
